date_time,Contamination,Rain,Temperature,Turbitity,,,Dates to find,,
19-Feb-13,red,0,52.754,5.4,,,4-Feb-13,,
19-Feb-13,red,0,52.682,7.1,,,12-Feb-13,,
19-Feb-13,red,0.38,52.61,4.2,,,19-Feb-13,,
19-Feb-13,red,0.38,52.484,4.9,,,26-Feb-13,,
19-Feb-13,red,0.38,52.466,8.3,,,06-Mar-13,,
26-Feb-13,green,0.01,54.626,40.7,,,12-Mar-13,,
26-Feb-13,green,0.01,53.312,75.5,,,17-Mar-13,,
26-Feb-13,green,0.01,52.88,4,,,18-Mar-13,,
26-Feb-13,green,0.01,52.574,165.1,,,26-Mar-13,,
26-Feb-13,green,0.01,52.664,12,,,02-Apr-13,,
06-Mar-13,yellow,0.2,53.24,118.5,,,09-Apr-13,,
06-Mar-13,yellow,0.2,52.808,19,,,15-Apr-13,,
06-Mar-13,yellow,0.51,52.646,15.7,,,22-Apr-13,,
06-Mar-13,yellow,0.51,52.574,18.6,,,30-Apr-13,,
06-Mar-13,yellow,0.51,52.916,36.4,,,06-May-13,,
12-Mar-13,green,0.31,54.122,30.6,,,13-May-13,,
12-Mar-13,green,0.31,53.348,41,,,21-May-13,,
12-Mar-13,green,0.31,53.24,74.4,,,28-May-13,,
12-Mar-13,green,0.31,52.754,1.6,,,03-Jun-13,,
12-Mar-13,green,0.31,52.736,1.6,,,10-Jun-13,,
17-Mar-13,yellow,0.01,54.014,0.9,,,17-Jun-13,,
17-Mar-13,yellow,0.01,55.238,0.9,,,24-Jun-13,,
17-Mar-13,yellow,0.02,54.338,0.8,,,01-Jul-13,,
17-Mar-13,yellow,0.02,52.196,0.7,,,09-Jul-13,,
17-Mar-13,yellow,0.02,52.376,0.7,,,16-Jul-13,,
18-Mar-13,green,0,54.446,0.7,,,22-Jul-13,,
18-Mar-13,green,0,55.112,0.7,,,29-Jul-13,,
18-Mar-13,green,0,53.168,0.7,,,05-Aug-13,,
18-Mar-13,green,0,50.702,0.7,,,12-Aug-13,,
18-Mar-13,green,0,50.63,0.7,,,14-Aug-13,,
26-Mar-13,red,0.13,54.428,161.17,,,19-Aug-13,,
26-Mar-13,red,0.13,54.95,3.1,,,20-Aug-13,,
26-Mar-13,red,0.13,54.392,8.7,,,26-Aug-13,,
26-Mar-13,red,0.13,53.906,42.6,,,03-Sep-13,,
26-Mar-13,red,0.13,54.392,1.6,,,09-Sep-13,,
02-Apr-13,green,1.25,57.2,0.6,,,16-Sep-13,,
02-Apr-13,green,1.25,57.272,0.5,,,23-Sep-13,,
02-Apr-13,green,1.26,55.868,0.5,,,01-Oct-13,,
02-Apr-13,green,1.26,54.05,0.6,,,08-Oct-13,,
02-Apr-13,green,1.26,54.59,0.6,,,15-Oct-13,,
30-Apr-13,green,0,59.288,1.2,,,21-Oct-13,,
30-Apr-13,green,0,59.09,1.3,,,28-Oct-13,,
30-Apr-13,green,0,57.38,2.4,,,04-Nov-13,,
30-Apr-13,green,0,55.706,2.6,,,12-Nov-13,,
30-Apr-13,green,0,56.102,2.1,,,18-Nov-13,,
06-May-13,green,0,56.822,51.5,,,25-Nov-13,,
06-May-13,green,0,56.012,133.2,,,02-Dec-13,,
06-May-13,green,0,56.318,67.7,,,09-Dec-13,,
06-May-13,green,0,56.21,27.6,,,16-Dec-13,,
06-May-13,green,0,56.354,1029.7,,,18-Dec-13,,
13-May-13,green,0,61.952,43.2,,,07-Jan-14,,
13-May-13,green,0,61.934,47.2,,,14-Jan-14,,
13-May-13,green,0,60.494,24.9,,,21-Jan-14,,
13-May-13,green,0,59.846,18.6,,,28-Jan-14,,
13-May-13,green,0,59.324,58.9,,,03-Feb-14,,
21-May-13,green,0.02,58.946,31.7,,,11-Feb-14,,
21-May-13,green,0.02,59.774,10.1,,,18-Feb-14,,
21-May-13,green,0.02,58.694,322.5,,,25-Feb-14,,
21-May-13,green,0.02,58.208,26.3,,,03-Mar-14,,
21-May-13,green,0.02,59.468,10.9,,,11-Mar-14,,
28-May-13,green,0,57.074,8.8,,,13-Mar-14,,
28-May-13,green,0,54.896,7.8,,,17-Mar-14,,
28-May-13,green,0,53.744,6.7,,,27-Mar-14,,
28-May-13,green,0,55.166,37.7,,,02-Apr-14,,
28-May-13,green,0,55.454,25.4,,,08-Apr-14,,
03-Jun-13,green,0,57.38,12.4,,,14-Apr-14,,
03-Jun-13,green,0,61.808,5.5,,,22-Apr-14,,
03-Jun-13,green,0,60.314,7.4,,,28-Apr-14,,
03-Jun-13,green,0,58.658,13.2,,,05-May-14,,
03-Jun-13,green,0,58.298,11.7,,,12-May-14,,
10-Jun-13,green,0.02,54.194,8.7,,,19-May-14,,
10-Jun-13,green,0.02,53.474,12,,,27-May-14,,
10-Jun-13,green,0.02,53.906,15.3,,,02-Jun-14,,
10-Jun-13,green,0.02,54.806,2.6,,,09-Jun-14,,
10-Jun-13,green,0.02,55.202,5.2,,,16-Jun-14,,
17-Jun-13,green,0,61.178,71.7,,,23-Jun-14,,
17-Jun-13,green,0,62.06,73.8,,,30-Jun-14,,
17-Jun-13,green,0,61.952,41.9,,,07-Jul-14,,
17-Jun-13,green,0,60.296,9.1,,,15-Jul-14,,
17-Jun-13,green,0,61.61,25.5,,,21-Jul-14,,
01-Jul-13,green,0,62.384,0.8,,,23-Jul-14,,
01-Jul-13,green,0,57.668,0.7,,,29-Jul-14,,
01-Jul-13,green,0,60.386,0.8,,,04-Aug-14,,
01-Jul-13,green,0,60.836,0.6,,,11-Aug-14,,
01-Jul-13,green,0,61.358,0.5,,,18-Aug-14,,
09-Jul-13,green,0,59.738,1,,,25-Aug-14,,
09-Jul-13,green,0,59.396,0.5,,,03-Sep-14,,
09-Jul-13,green,0,59.594,0.7,,,09-Sep-14,,
09-Jul-13,green,0,59.558,1.5,,,15-Sep-14,,
09-Jul-13,green,0,59.72,0.8,,,23-Sep-14,,
16-Jul-13,green,0,59.936,0.9,,,29-Sep-14,,
16-Jul-13,green,0,59.324,0.6,,,07-Oct-14,,
16-Jul-13,green,0.01,57.092,1.7,,,14-Oct-14,,
16-Jul-13,green,0.01,55.958,0.9,,,21-Oct-14,,
16-Jul-13,green,0.01,57.056,1.9,,,28-Oct-14,,
22-Jul-13,green,0.01,61.232,2.2,,,04-Nov-14,,
22-Jul-13,green,0.01,60.026,4.8,,,12-Nov-14,,
22-Jul-13,green,0.01,58.586,2.9,,,18-Nov-14,,
22-Jul-13,green,0.01,59.126,5.1,,,25-Nov-14,,
22-Jul-13,green,0.01,60.224,3.1,,,03-Dec-14,,
29-Jul-13,green,0,60.008,6.3,,,09-Dec-14,,
29-Jul-13,green,0,59.378,2.5,,,16-Dec-14,,
29-Jul-13,green,0,59.756,4.4,,,22-Dec-14,,
29-Jul-13,green,0,57.92,3.5,,,30-Dec-14,,
29-Jul-13,green,0,58.64,4,,,05-Jan-15,,
05-Aug-13,green,0,60.242,3,,,13-Jan-15,,
05-Aug-13,green,0,60.656,4.5,,,20-Jan-15,,24-Jun-13
05-Aug-13,green,0,59.99,3.4,,,22-Jan-15,,
05-Aug-13,green,0,59.9,2.8,,,26-Jan-15,,
05-Aug-13,green,0,60.17,5.7,,,02-Feb-15,,
12-Aug-13,red,0,61.358,3.6,,,10-Feb-15,,
12-Aug-13,red,0,61.394,4.1,,,17-Feb-15,,
12-Aug-13,red,0,60.764,3.7,,,23-Feb-15,,
12-Aug-13,red,0,60.674,4,,,02-Mar-15,,
12-Aug-13,red,0,61.034,3.9,,,09-Mar-15,,
14-Aug-13,green,0,61.574,8.4,,,16-Mar-15,,
14-Aug-13,green,0,60.998,4.1,,,17-Mar-15,,
14-Aug-13,green,0,61.052,2.5,,,23-Mar-15,,
14-Aug-13,green,0,60.386,1.5,,,24-Mar-15,,
14-Aug-13,green,0,60.854,3.8,,,01-Apr-15,,
19-Aug-13,yellow,0,62.69,2.8,,,06-Apr-15,,
19-Aug-13,yellow,0,61.736,3.7,,,13-Apr-15,,
19-Aug-13,yellow,0,62.708,1,,,21-Apr-15,,
19-Aug-13,yellow,0,61.754,1,,,27-Apr-15,,
19-Aug-13,yellow,0,61.412,2.1,,,04-May-15,,
20-Aug-13,green,0,60.296,0.7,,,12-May-15,,
20-Aug-13,green,0,61.088,3.2,,,18-May-15,,
20-Aug-13,green,0,58.928,0.7,,,26-May-15,,
20-Aug-13,green,0,59.288,0.9,,,01-Jun-15,,
20-Aug-13,green,0,59.684,2.4,,,08-Jun-15,,
26-Aug-13,yellow,0,62.096,1.5,,,16-Jun-15,,
26-Aug-13,yellow,0,61.988,0.9,,,22-Jun-15,,
26-Aug-13,yellow,0,60.332,0.9,,,29-Jun-15,,
26-Aug-13,yellow,0,61.79,0.8,,,07-Jul-15,,
26-Aug-13,yellow,0,62.672,0.9,,,13-Jul-15,,
03-Sep-13,green,0,63.446,0.7,,,20-Jul-15,,
03-Sep-13,green,0,63.716,1.1,,,27-Jul-15,,
03-Sep-13,green,0,64.094,0.7,,,03-Aug-15,,
03-Sep-13,green,0,63.194,0.7,,,10-Aug-15,,
03-Sep-13,green,0,63.644,0.9,,,17-Aug-15,,
09-Sep-13,green,0,63.5,0,,,24-Aug-15,,
09-Sep-13,green,0,67.01,0,,,31-Aug-15,,
09-Sep-13,green,0,65.732,7.2,,,08-Sep-15,,
09-Sep-13,green,0,70.628,8.5,,,14-Sep-15,,
09-Sep-13,green,0,61.088,0.1,,,15-Sep-15,,
16-Sep-13,green,0.01,61.826,0.5,,,21-Sep-15,,
16-Sep-13,green,0.01,63.59,0.5,,,28-Sep-15,,
16-Sep-13,green,0.02,61.898,0.5,,,05-Oct-15,,
16-Sep-13,green,0.02,59.846,0.4,,,13-Oct-15,,
16-Sep-13,green,0.02,61.502,0.5,,,19-Oct-15,,
08-Oct-13,green,0,60.35,5.4,,,26-Oct-15,,
08-Oct-13,green,0,59,13.7,,,27-Oct-15,,
08-Oct-13,green,0,57.956,4.8,,,03-Nov-15,,
08-Oct-13,green,0,57.776,11,,,09-Nov-15,,
08-Oct-13,green,0,58.1,17,,,16-Nov-15,,
15-Oct-13,green,0,58.118,11.1,,,23-Nov-15,,
15-Oct-13,green,0,57.938,11.5,,,30-Nov-15,,
15-Oct-13,green,0,57.578,8.7,,,08-Dec-15,,
15-Oct-13,green,0,57.038,15.1,,,14-Dec-15,,
15-Oct-13,green,0,57.74,13.4,,,21-Dec-15,,
21-Oct-13,green,0,58.532,38.5,,,28-Dec-15,,
21-Oct-13,green,0,58.01,23.6,,,04-Jan-16,,
21-Oct-13,green,0,57.146,29.4,,,11-Jan-16,,
21-Oct-13,green,0,57.002,21.9,,,19-Jan-16,,
21-Oct-13,green,0,57.218,24,,,25-Jan-16,,
28-Oct-13,green,0.01,57.758,20.1,,,01-Feb-16,,
28-Oct-13,green,0.01,57.146,20.6,,,08-Feb-16,,
28-Oct-13,green,0.07,56.228,12,,,16-Feb-16,,
28-Oct-13,green,0.07,55.364,15.5,,,22-Feb-16,,
28-Oct-13,green,0.07,55.742,49.1,,,29-Feb-16,,
04-Nov-13,green,0.15,58.046,21.7,,,07-Mar-16,,
04-Nov-13,green,0.15,57.56,17.6,,,14-Mar-16,,
04-Nov-13,green,0.15,57.164,19.9,,,21-Mar-16,,
04-Nov-13,green,0.15,56.606,16.9,,,28-Mar-16,,
04-Nov-13,green,0.15,56.948,17.9,,,04-Apr-16,,
12-Nov-13,green,0,72.248,14.1,,,12-Apr-16,,
12-Nov-13,green,0,56.75,0,,,18-Apr-16,,
12-Nov-13,green,0,57.488,145.8,,,25-Apr-16,,
14-Jan-14,green,0,54.626,281.4,,,02-May-16,,
14-Jan-14,green,0,55.058,278.3,,,09-May-16,,
14-Jan-14,green,0,54.428,371.6,,,16-May-16,,
14-Jan-14,green,0,53.888,210.8,,,23-May-16,,
14-Jan-14,green,0,53.78,139.9,,,31-May-16,,
21-Jan-14,green,0,54.608,9.1,,,06-Jun-16,,
21-Jan-14,green,0,54.32,4.3,,,13-Jun-16,,
21-Jan-14,green,0,53.996,3.8,,,20-Jun-16,,
21-Jan-14,green,0,53.78,5.4,,,27-Jun-16,,
21-Jan-14,green,0,54.14,9.8,,,06-Jul-16,,
28-Jan-14,green,0,56.192,2.2,,,11-Jul-16,,
28-Jan-14,green,0,56.03,3.1,,,18-Jul-16,,
28-Jan-14,green,0,55.832,2.1,,,26-Jul-16,,
28-Jan-14,green,0,55.58,3.6,,,01-Aug-16,,
28-Jan-14,green,0,55.868,1.9,,,08-Aug-16,,
03-Feb-14,green,0.47,55.436,5,,,10-Aug-16,,
03-Feb-14,green,0.47,55.058,8.6,,,15-Aug-16,,
03-Feb-14,green,0.48,54.932,5,,,22-Aug-16,,
03-Feb-14,green,0.48,54.41,3.5,,,29-Aug-16,,
03-Feb-14,green,0.48,54.68,4.1,,,06-Sep-16,,
11-Feb-14,green,1.64,55.94,11.6,,,12-Sep-16,,
11-Feb-14,green,1.64,55.616,11.5,,,19-Sep-16,,
11-Feb-14,green,1.65,55.526,15.6,,,26-Sep-16,,
11-Feb-14,green,1.65,55.454,7.1,,,04-Oct-16,,
11-Feb-14,green,1.65,55.562,11.6,,,12-Oct-16,,
18-Feb-14,green,0.19,56.732,3.4,,,19-Oct-16,,
18-Feb-14,green,0.19,56.534,8.8,,,24-Oct-16,,
18-Feb-14,green,0.19,55.904,6.6,,,25-Oct-16,,
18-Feb-14,green,0.19,55.688,4.3,,,01-Nov-16,,
18-Feb-14,green,0.19,55.67,4.6,,,08-Nov-16,,
25-Feb-14,green,0,56.57,36.9,,,14-Nov-16,,
25-Feb-14,green,0,56.336,52.7,,,22-Nov-16,,
25-Feb-14,green,0,56.21,99.8,,,28-Nov-16,,
25-Feb-14,green,0,56.012,193.3,,,05-Dec-16,,
25-Feb-14,green,0,56.174,68.1,,,12-Dec-16,,
03-Mar-14,green,4.67,56.156,2,,,20-Dec-16,,
03-Mar-14,green,4.67,56.462,1.9,,,27-Dec-16,,
03-Mar-14,green,4.71,56.408,2,,,04-Jan-17,,
03-Mar-14,green,4.71,56.048,2,,,09-Jan-17,,
03-Mar-14,green,4.71,55.472,1.9,,,18-Jan-17,,
11-Mar-14,green,0.52,59.558,2.3,,,23-Jan-17,,
11-Mar-14,green,0.52,61.412,2.3,,,30-Jan-17,,
11-Mar-14,green,0.52,60.728,2.2,,,06-Feb-17,,
11-Mar-14,green,0.52,59.072,4.2,,,13-Feb-17,,
11-Mar-14,green,0.52,58.118,3.6,,,21-Feb-17,,
13-Mar-14,green,0,58.244,12.4,,,27-Feb-17,,
17-Mar-14,yellow,0,58.46,35.4,,,06-Mar-17,,
17-Mar-14,yellow,0,57.254,21.5,,,13-Mar-17,,
17-Mar-14,yellow,0,57.164,89.7,,,20-Mar-17,,
17-Mar-14,yellow,0,56.714,57,,,27-Mar-17,,
17-Mar-14,yellow,0,57.434,0.5,,,03-Apr-17,,
27-Mar-14,green,0.79,56.858,9.8,,,10-Apr-17,,
27-Mar-14,green,0.79,54.95,13.7,,,18-Apr-17,,
27-Mar-14,green,0.84,54.5,16.5,,,24-Apr-17,,
27-Mar-14,green,0.84,54.95,5.2,,,01-May-17,,
27-Mar-14,green,0.84,56.246,6.3,,,08-May-17,,
02-Apr-14,green,2.01,56.912,9,,,16-May-17,,
02-Apr-14,green,2.01,56.426,18.6,,,,,
02-Apr-14,green,2.03,56.498,41.8,,,,,
02-Apr-14,green,2.03,55.904,6,,,,,
02-Apr-14,green,2.03,56.624,13,,,,,
08-Apr-14,green,0.18,57.65,0.7,,,,,
08-Apr-14,green,0.18,57.398,0.7,,,,,
08-Apr-14,green,0.18,58.406,0.7,,,,,
08-Apr-14,green,0.18,57.794,0.8,,,,,
08-Apr-14,green,0.18,58.874,0.7,,,,,
14-Apr-14,green,0,56.552,10.6,,,,,
14-Apr-14,green,0,55.22,26.6,,,,,
14-Apr-14,green,0,55.274,9.3,,,,,
14-Apr-14,green,0,55.508,11.6,,,,,
14-Apr-14,green,0,55.814,19.7,,,,,
22-Apr-14,green,0,57.632,0.7,,,,,
22-Apr-14,green,0,58.694,0.8,,,,,
22-Apr-14,green,0,57.776,0.7,,,,,
22-Apr-14,green,0,56.012,0.8,,,,,
22-Apr-14,green,0,55.418,0.7,,,,,
28-Apr-14,green,0.57,54.824,19.1,,,,,
28-Apr-14,green,0.57,53.582,18.9,,,,,
28-Apr-14,green,0.57,53.114,13.5,,,,,
28-Apr-14,green,0.57,52.52,10.4,,,,,
28-Apr-14,green,0.57,53.6,15.5,,,,,
05-May-14,green,0,56.624,6.6,,,,,
05-May-14,green,0,54.572,6.5,,,,,
05-May-14,green,0,53.132,6.3,,,,,
05-May-14,green,0,57.128,6.8,,,,,
05-May-14,green,0,57.812,14.1,,,,,
12-May-14,green,0.06,57.344,16.5,,,,,
12-May-14,green,0.06,56.264,10.5,,,,,
12-May-14,green,0.06,57.902,14.9,,,,,
19-May-14,green,0,59.63,7.3,,,,,
19-May-14,green,0,54.644,3.8,,,,,
19-May-14,green,0,52.808,8.6,,,,,
19-May-14,green,0,53.114,5.8,,,,,
19-May-14,green,0,56.444,6,,,,,
27-May-14,green,0,61.304,26.7,,,,,
27-May-14,green,0,61.808,11.6,,,,,
27-May-14,green,0,60.728,42.4,,,,,
27-May-14,green,0,57.902,16.4,,,,,
27-May-14,green,0,59.09,16.3,,,,,
02-Jun-14,green,0,58.622,12.8,,,,,
02-Jun-14,green,0,57.974,16.3,,,,,
02-Jun-14,green,0,57.758,9.4,,,,,
02-Jun-14,green,0,58.46,10.7,,,,,
02-Jun-14,green,0,58.568,11.5,,,,,
09-Jun-14,green,0,59.432,6.4,,,,,
09-Jun-14,green,0,59.126,13.5,,,,,
09-Jun-14,green,0,58.874,4.8,,,,,
09-Jun-14,green,0,58.928,6.7,,,,,
09-Jun-14,green,0,59.972,8.6,,,,,
16-Jun-14,green,0.01,60.098,8.9,,,,,
16-Jun-14,green,0.01,60.71,12.6,,,,,
16-Jun-14,green,0.01,59.81,9.3,,,,,
16-Jun-14,green,0.01,59.936,4.6,,,,,
16-Jun-14,green,0.01,59.522,9.3,,,,,
23-Jun-14,green,0,60.782,8,,,,,
23-Jun-14,green,0,60.926,8.2,,,,,
23-Jun-14,green,0,60.152,3.8,,,,,
23-Jun-14,green,0,59.27,4.6,,,,,
21-Jul-14,yellow,0.02,61.016,5.4,,,,,
21-Jul-14,yellow,0.02,60.188,5.3,,,,,
21-Jul-14,yellow,0.02,60.134,8.2,,,,,
21-Jul-14,yellow,0.02,60.71,2.3,,,,,
21-Jul-14,yellow,0.02,62.33,8.4,,,,,
23-Jul-14,green,0,63.086,17.7,,,,,
23-Jul-14,green,0,62.15,10.5,,,,,
23-Jul-14,green,0,62.636,3,,,,,
23-Jul-14,green,0,61.412,16.2,,,,,
23-Jul-14,green,0,63.788,5.6,,,,,
29-Jul-14,green,0,64.454,7.8,,,,,
29-Jul-14,green,0,62.402,3.6,,,,,
29-Jul-14,green,0,62.78,3.3,,,,,
29-Jul-14,green,0,63.41,4.8,,,,,
29-Jul-14,green,0,63.464,8.8,,,,,
04-Aug-14,green,0,62.87,3,,,,,
04-Aug-14,green,0,62.33,1.3,,,,,
04-Aug-14,green,0,62.834,1.9,,,,,
04-Aug-14,green,0,62.06,3.5,,,,,
04-Aug-14,green,0,63.158,4.3,,,,,
11-Aug-14,green,0,65.102,2.5,,,,,
11-Aug-14,green,0,63.176,2.7,,,,,
11-Aug-14,green,0,62.564,2.7,,,,,
11-Aug-14,green,0,62.06,3.1,,,,,
11-Aug-14,green,0,63.266,3.3,,,,,
18-Aug-14,green,0,61.412,4.5,,,,,
18-Aug-14,green,0,62.852,4.8,,,,,
18-Aug-14,green,0,62.366,5.3,,,,,
18-Aug-14,green,0,61.862,4.3,,,,,
18-Aug-14,green,0,62.24,5.3,,,,,
25-Aug-14,green,0.01,66.11,13.9,,,,,
25-Aug-14,green,0.01,65.318,22.1,,,,,
25-Aug-14,green,0.01,62.834,13.4,,,,,
25-Aug-14,green,0.01,62.996,1.5,,,,,
25-Aug-14,green,0.01,64.076,7.6,,,,,
03-Sep-14,green,0,66.002,13.7,,,,,
03-Sep-14,green,0,64.04,10,,,,,
03-Sep-14,green,0,64.166,8,,,,,
03-Sep-14,green,0,63.338,11.4,,,,,
03-Sep-14,green,0,65.03,7.9,,,,,
15-Sep-14,green,0,61.466,49.5,,,,,
15-Sep-14,green,0,62.222,139.5,,,,,
15-Sep-14,green,0,62.456,219.4,,,,,
15-Sep-14,green,0,62.438,81.6,,,,,
15-Sep-14,green,0,62.816,105.1,,,,,
23-Sep-14,yellow,0.25,63.788,132.4,,,,,
23-Sep-14,yellow,0.25,62.942,304.8,,,,,
23-Sep-14,yellow,0.25,62.636,65.8,,,,,
23-Sep-14,yellow,0.25,62.204,164.7,,,,,
23-Sep-14,yellow,0.25,63.932,43.4,,,,,
29-Sep-14,yellow,0.59,63.428,4.6,,,,,
29-Sep-14,yellow,0.59,63.428,5.8,,,,,
29-Sep-14,yellow,0.59,63.14,2.1,,,,,
29-Sep-14,yellow,0.59,62.96,2.9,,,,,
29-Sep-14,yellow,0.59,62.888,4.8,,,,,
07-Oct-14,green,0.01,63.446,1.4,,,,,
07-Oct-14,green,0.01,63.266,1.3,,,,,
07-Oct-14,green,0.01,63.032,1.5,,,,,
07-Oct-14,green,0.01,62.762,2.3,,,,,
07-Oct-14,green,0.01,63.554,1.2,,,,,
14-Oct-14,green,0.02,61.682,1.2,,,,,
14-Oct-14,green,0.02,61.52,1.4,,,,,
14-Oct-14,green,0.02,61.142,1.5,,,,,
14-Oct-14,green,0.02,60.242,3.9,,,,,
14-Oct-14,green,0.02,60.782,1.9,,,,,
21-Oct-14,green,0.04,62.078,3.4,,,,,
21-Oct-14,green,0.04,61.556,3.3,,,,,
21-Oct-14,green,0.04,61.034,3,,,,,
21-Oct-14,green,0.04,60.602,4.1,,,,,
21-Oct-14,green,0.04,60.944,2,,,,,
28-Oct-14,green,0.33,62.78,1.9,,,,,
28-Oct-14,green,0.33,62.366,2.2,,,,,
28-Oct-14,green,0.33,61.646,3.2,,,,,
28-Oct-14,green,0.33,61.106,2.9,,,,,
28-Oct-14,green,0.33,61.628,2.4,,,,,
04-Nov-14,green,1.09,60.71,1.5,,,,,
04-Nov-14,green,1.09,60.422,3.2,,,,,
04-Nov-14,green,1.09,59.774,1.8,,,,,
04-Nov-14,green,1.09,59.414,3.5,,,,,
04-Nov-14,green,1.09,60.008,1.5,,,,,
12-Nov-14,green,0.01,60.728,1.5,,,,,
12-Nov-14,green,0.01,60.512,1.1,,,,,
12-Nov-14,green,0.01,60.206,1.7,,,,,
12-Nov-14,green,0.01,59.774,1.5,,,,,
12-Nov-14,green,0.01,59.774,1.7,,,,,
18-Nov-14,green,0.53,55.76,1.6,,,,,
18-Nov-14,green,0.53,57.164,1.4,,,,,
18-Nov-14,green,0.53,55.814,2.1,,,,,
18-Nov-14,green,0.53,55.076,1.5,,,,,
18-Nov-14,green,0.53,58.712,6.5,,,,,
25-Nov-14,green,1.5,58.784,4.5,,,,,
25-Nov-14,green,1.5,58.37,6.3,,,,,
25-Nov-14,green,1.5,58.154,7.1,,,,,
25-Nov-14,green,1.5,57.524,8.1,,,,,
25-Nov-14,green,1.5,57.92,7.1,,,,,
03-Dec-14,red,2.92,59.072,8.8,,,,,
03-Dec-14,red,2.92,59.018,8.2,,,,,
03-Dec-14,red,3.64,59.054,9.9,,,,,
03-Dec-14,red,4.36,59.036,11.5,,,,,
03-Dec-14,red,4.36,59.036,25.1,,,,,
09-Dec-14,yellow,0.68,59.702,9.6,,,,,
09-Dec-14,yellow,0.68,59.702,12.3,,,,,
09-Dec-14,yellow,0.68,59.738,7.5,,,,,
09-Dec-14,yellow,0.68,59.54,7.4,,,,,
09-Dec-14,yellow,0.68,59.774,7,,,,,
16-Dec-14,green,5.97,55.166,1.2,,,,,
16-Dec-14,green,5.97,55.13,1.3,,,,,
16-Dec-14,green,6.24,53.438,1.3,,,,,
16-Dec-14,green,6.5,53.654,1.3,,,,,
16-Dec-14,green,6.5,54.896,1.3,,,,,
05-Jan-15,green,0,55.904,5.4,,,,,
05-Jan-15,green,0,56.048,5.4,,,,,
20-Jan-15,red,0,58.082,6.3,,,,,
20-Jan-15,red,0,57.812,5,,,,,
20-Jan-15,red,0,57.398,3.8,,,,,
20-Jan-15,red,0,57.182,4.1,,,,,
20-Jan-15,red,0,57.38,4.4,,,,,
22-Jan-15,green,0,58.424,83.7,,,,,
22-Jan-15,green,0,57.524,33.3,,,,,
22-Jan-15,green,0,57.2,29.2,,,,,
22-Jan-15,green,0,56.498,21.5,,,,,
22-Jan-15,green,0,56.876,17.3,,,,,
26-Jan-15,green,0,57.758,73.3,,,,,
26-Jan-15,green,0,57.542,41.4,,,,,
26-Jan-15,green,0,57.2,105.9,,,,,
26-Jan-15,green,0,56.57,70.3,,,,,
26-Jan-15,green,0,56.552,28.2,,,,,
02-Feb-15,green,0,57.614,6.1,,,,,
02-Feb-15,green,0,57.038,9.8,,,,,
02-Feb-15,green,0,57.002,8.2,,,,,
02-Feb-15,green,0,56.804,8.8,,,,,
02-Feb-15,green,0,57.002,8.1,,,,,
10-Feb-15,green,2.26,58.748,16.2,,,,,
10-Feb-15,green,2.26,57.938,15.2,,,,,
10-Feb-15,green,2.26,57.686,14.4,,,,,
10-Feb-15,green,2.26,57.308,11.1,,,,,
10-Feb-15,green,2.26,57.812,16.7,,,,,
17-Feb-15,green,0,59.576,15.6,,,,,
17-Feb-15,green,0,59.036,10.3,,,,,
17-Feb-15,green,0,58.964,15.4,,,,,
17-Feb-15,green,0,59.144,14.5,,,,,
17-Feb-15,green,0,59,15.3,,,,,
23-Feb-15,green,0,59.144,6.5,,,,,
23-Feb-15,green,0,59.072,6.3,,,,,
23-Feb-15,green,0,58.622,6,,,,,
23-Feb-15,green,0,58.406,5.6,,,,,
23-Feb-15,green,0,58.442,7.6,,,,,
02-Mar-15,green,0.06,58.622,9.7,,,,,
02-Mar-15,green,0.06,57.938,8.9,,,,,
02-Mar-15,green,0.06,57.722,9.6,,,,,
02-Mar-15,green,0.06,57.272,7.4,,,,,
02-Mar-15,green,0.06,57.326,8.8,,,,,
09-Mar-15,green,0,57.974,2.7,,,,,
09-Mar-15,green,0,57.218,4,,,,,
09-Mar-15,green,0,57.344,2.8,,,,,
09-Mar-15,green,0,57.2,2.9,,,,,
09-Mar-15,green,0,57.56,3.1,,,,,
16-Mar-15,red,0.16,58.982,1.2,,,,,
16-Mar-15,red,0.16,59.288,1,,,,,
16-Mar-15,red,0.16,59.018,1,,,,,
16-Mar-15,red,0.16,57.416,1.2,,,,,
16-Mar-15,red,0.16,58.964,0.9,,,,,
17-Mar-15,green,0,58.712,1.7,,,,,
17-Mar-15,green,0,58.73,1.6,,,,,
17-Mar-15,green,0,58.532,1.2,,,,,
17-Mar-15,green,0,58.442,0.7,,,,,
17-Mar-15,green,0,59.414,0.7,,,,,
23-Mar-15,green,0.08,59.576,1.5,,,,,
23-Mar-15,green,0.08,58.514,1.8,,,,,
23-Mar-15,green,0.41,58.154,1.9,,,,,
23-Mar-15,green,0.41,57.2,1.4,,,,,
23-Mar-15,green,0.41,57.92,1.9,,,,,
24-Mar-15,green,0,58.73,1.5,,,,,
24-Mar-15,green,0,58.352,2,,,,,
24-Mar-15,green,0,56.75,1.8,,,,,
24-Mar-15,green,0,55.886,2.5,,,,,
24-Mar-15,green,0,56.714,2.1,,,,,
01-Apr-15,green,0.01,60.188,1,,,,,
01-Apr-15,green,0.01,60.71,1.8,,,,,
01-Apr-15,green,0.01,59.27,1.3,,,,,
01-Apr-15,green,0.01,56.336,0.8,,,,,
01-Apr-15,green,0.01,57.884,10.3,,,,,
06-Apr-15,green,0,56.588,44.5,,,,,
06-Apr-15,green,0,54.572,7.1,,,,,
06-Apr-15,green,0,52.862,6.2,,,,,
06-Apr-15,green,0,52.142,4.6,,,,,
06-Apr-15,green,0,52.88,3.1,,,,,
13-Apr-15,green,1.39,57.056,1.8,,,,,
13-Apr-15,green,1.39,57.164,1,,,,,
13-Apr-15,green,1.39,56.444,1.2,,,,,
13-Apr-15,green,1.39,54.698,0.7,,,,,
13-Apr-15,green,1.39,54.896,0.3,,,,,
21-Apr-15,green,0,57.686,1.9,,,,,
21-Apr-15,green,0,57.164,4.4,,,,,
21-Apr-15,green,0,55.706,4.2,,,,,
21-Apr-15,green,0,57.65,2.3,,,,,
21-Apr-15,green,0,56.696,5.1,,,,,
04-May-15,green,0,57.326,380,,,,,
04-May-15,green,0,56.912,386,,,,,
04-May-15,green,0,56.804,286.2,,,,,
04-May-15,green,0,57.164,48.2,,,,,
04-May-15,green,0,57.776,4.5,,,,,
18-May-15,green,0,58.73,82.2,,,,,
18-May-15,green,0,56.516,1154.3,,,,,
18-May-15,green,0,57.002,574,,,,,
18-May-15,green,0,57.074,1175.3,,,,,
18-May-15,green,0,57.254,1136.1,,,,,
26-May-15,green,0.06,58.406,1183.5,,,,,
26-May-15,green,0.06,58.388,903.8,,,,,
26-May-15,green,0.06,57.632,445.9,,,,,
26-May-15,green,0.06,57.56,422.9,,,,,
26-May-15,green,0.06,59.216,215.2,,,,,
01-Jun-15,green,0,60.944,5.6,,,,,
01-Jun-15,green,0,59.252,13.3,,,,,
01-Jun-15,green,0,60.908,2.2,,,,,
01-Jun-15,green,0,62.258,38.9,,,,,
08-Jun-15,green,0,60.116,17.5,,,,,
08-Jun-15,green,0,60.494,10.7,,,,,
08-Jun-15,green,0,60.026,22.6,,,,,
08-Jun-15,green,0,62.78,1.3,,,,,
08-Jun-15,green,0,63.698,1.2,,,,,
16-Jun-15,green,0.02,60.746,290.6,,,,,
16-Jun-15,green,0.02,60.098,221.6,,,,,
16-Jun-15,green,0.02,60.476,239.5,,,,,
16-Jun-15,green,0.02,59.918,180.8,,,,,
16-Jun-15,green,0.02,60.458,214.4,,,,,
22-Jun-15,green,0,59.54,5,,,,,
22-Jun-15,green,0,61.52,5.8,,,,,
22-Jun-15,green,0,60.08,5.9,,,,,
22-Jun-15,green,0,59.864,1,,,,,
22-Jun-15,green,0,60.782,1.2,,,,,
13-Jul-15,green,0,63.608,3.3,,,,,
13-Jul-15,green,0,60.908,2.4,,,,,
13-Jul-15,green,0,63.572,2.3,,,,,
13-Jul-15,green,0,62.384,3.3,,,,,
13-Jul-15,green,0,63.158,8.6,,,,,
20-Jul-15,green,0,65.804,13.5,,,,,
20-Jul-15,green,0,64.436,18.1,,,,,
20-Jul-15,green,0,65.084,18.9,,,,,
20-Jul-15,green,0,65.264,16.6,,,,,
20-Jul-15,green,0,64.67,19.8,,,,,
27-Jul-15,green,0,60.188,30.5,,,,,
27-Jul-15,green,0,64.94,63.3,,,,,
27-Jul-15,green,0,63.5,6.2,,,,,
27-Jul-15,green,0,62.906,6.5,,,,,
27-Jul-15,green,0,62.996,4.5,,,,,
03-Aug-15,green,0,63.176,11.9,,,,,
03-Aug-15,green,0,63.104,6.1,,,,,
03-Aug-15,green,0,59.504,6,,,,,
03-Aug-15,green,0,61.394,1.3,,,,,
03-Aug-15,green,0,63.014,23.2,,,,,
10-Aug-15,green,0.03,63.734,5.1,,,,,
10-Aug-15,green,0.03,63.968,3.3,,,,,
10-Aug-15,green,0.03,64.904,1.9,,,,,
10-Aug-15,green,0.03,63.662,1.8,,,,,
10-Aug-15,green,0.03,64.4,1.6,,,,,
17-Aug-15,green,0,65.246,0.8,,,,,
17-Aug-15,green,0,66.416,1,,,,,
17-Aug-15,green,0,63.068,1.2,,,,,
17-Aug-15,green,0,64.4,1.5,,,,,
17-Aug-15,green,0,64.742,0.8,,,,,
24-Aug-15,green,0,63.878,0.9,,,,,
24-Aug-15,green,0,63.824,0.6,,,,,
24-Aug-15,green,0,63.5,0.5,,,,,
24-Aug-15,green,0,62.996,0.7,,,,,
24-Aug-15,green,0,64.328,0.7,,,,,
31-Aug-15,green,0,68.702,0.7,,,,,
31-Aug-15,green,0,63.788,0.7,,,,,
31-Aug-15,green,0,61.952,0.7,,,,,
31-Aug-15,green,0,63.914,0.7,,,,,
31-Aug-15,green,0,66.236,0.7,,,,,
05-Oct-15,green,0.03,63.176,1.4,,,,,
05-Oct-15,green,0.03,63.14,1.5,,,,,
05-Oct-15,green,0.03,62.762,1.4,,,,,
05-Oct-15,green,0.03,62.258,1.4,,,,,
05-Oct-15,green,0.03,64.004,1.4,,,,,
26-Oct-15,red,0,64.508,7.1,,,,,
26-Oct-15,red,0,63.752,8.8,,,,,
26-Oct-15,red,0,62.96,6.1,,,,,
26-Oct-15,red,0,62.618,6.6,,,,,
26-Oct-15,red,0,63.05,7.1,,,,,
27-Oct-15,green,0,64.094,8.5,,,,,
27-Oct-15,green,0,63.914,6.6,,,,,
27-Oct-15,green,0,63.392,6.7,,,,,
27-Oct-15,green,0,63.104,7.8,,,,,
27-Oct-15,green,0,63.104,8.9,,,,,
03-Nov-15,yellow,0.81,61.898,10.6,,,,,
03-Nov-15,yellow,0.81,61.466,14.2,,,,,
03-Nov-15,yellow,0.82,60.098,10.2,,,,,
03-Nov-15,yellow,0.82,60.08,7.3,,,,,
03-Nov-15,yellow,0.82,59.936,5.7,,,,,
09-Nov-15,yellow,0.22,58.262,4.1,,,,,
09-Nov-15,yellow,0.22,58.424,4.8,,,,,
09-Nov-15,yellow,0.69,58.262,3.1,,,,,
09-Nov-15,yellow,1.16,58.028,4.5,,,,,
09-Nov-15,yellow,1.16,57.74,3.8,,,,,
16-Nov-15,green,0.58,57.974,2.6,,,,,
16-Nov-15,green,0.58,57.758,2.6,,,,,
16-Nov-15,green,0.58,57.398,5.9,,,,,
16-Nov-15,green,0.58,57.074,6.7,,,,,
16-Nov-15,green,0.58,56.804,2.9,,,,,
30-Nov-15,green,0.51,54.896,0.5,,,,,
30-Nov-15,green,0.51,54.842,0.7,,,,,
30-Nov-15,green,0.51,54.104,2.8,,,,,
30-Nov-15,green,0.51,47.876,2.3,,,,,
30-Nov-15,green,0.51,50.936,1.5,,,,,
08-Dec-15,red,0.35,57.704,7.1,,,,,
08-Dec-15,red,0.35,57.956,8.3,,,,,
08-Dec-15,red,0.35,57.74,6.5,,,,,
08-Dec-15,red,0.35,57.668,28.3,,,,,
08-Dec-15,red,0.35,57.848,7.6,,,,,
14-Dec-15,red,1.34,57.65,0,,,,,
14-Dec-15,red,1.34,57.29,0.1,,,,,
14-Dec-15,red,1.39,57.092,0,,,,,
14-Dec-15,red,1.39,56.984,0,,,,,
14-Dec-15,red,1.39,57.236,0.1,,,,,
21-Dec-15,red,1.55,56.282,3,,,,,
21-Dec-15,red,1.55,56.39,3.1,,,,,
21-Dec-15,red,2.07,56.192,5.1,,,,,
21-Dec-15,red,2.59,55.706,29.9,,,,,
21-Dec-15,red,2.59,56.102,7.1,,,,,
28-Dec-15,green,1.28,55.148,2.1,,,,,
28-Dec-15,green,1.28,54.77,2.6,,,,,
28-Dec-15,green,1.35,54.824,5.2,,,,,
28-Dec-15,green,1.35,54.644,3.3,,,,,
28-Dec-15,green,1.35,54.626,4.2,,,,,
04-Jan-16,red,0.04,54.338,6.7,,,,,
04-Jan-16,red,0.04,54.446,8.4,,,,,
04-Jan-16,red,0.59,54.374,4.5,,,,,
04-Jan-16,red,0.59,54.068,1.5,,,,,
04-Jan-16,red,0.59,53.834,1,,,,,
11-Jan-16,green,2.4,55.706,2.2,,,,,
11-Jan-16,green,2.4,55.4,5.2,,,,,
11-Jan-16,green,2.4,55.418,6,,,,,
11-Jan-16,green,2.4,55.472,5.4,,,,,
11-Jan-16,green,2.4,55.544,7.3,,,,,
19-Jan-16,red,1.24,56.84,0.8,,,,,
19-Jan-16,red,1.24,57.038,0.9,,,,,
19-Jan-16,red,2.25,56.642,0.7,,,,,
19-Jan-16,red,3.26,56.336,0.7,,,,,
19-Jan-16,red,3.26,57.074,0.7,,,,,
25-Jan-16,green,1.46,51.818,4,,,,,
25-Jan-16,green,1.46,52.538,4.1,,,,,
25-Jan-16,green,1.46,52.07,4.3,,,,,
25-Jan-16,green,1.46,50.612,4.3,,,,,
25-Jan-16,green,1.46,50.198,4.1,,,,,
01-Feb-16,green,0.5,50.054,0.3,,,,,
01-Feb-16,green,0.5,50.108,0.3,,,,,
01-Feb-16,green,0.5,49.568,0.3,,,,,
01-Feb-16,green,0.5,48.524,0.3,,,,,
01-Feb-16,green,0.5,48.272,0.3,,,,,
16-Feb-16,green,0.01,56.804,2.8,,,,,
16-Feb-16,green,0.01,56.462,5.8,,,,,
16-Feb-16,green,0.01,56.246,3.4,,,,,
16-Feb-16,green,0.01,56.246,2.6,,,,,
16-Feb-16,green,0.01,56.498,1.8,,,,,
29-Feb-16,green,0,57.452,3,,,,,
29-Feb-16,green,0,57.434,2.4,,,,,
29-Feb-16,green,0,57.11,2.3,,,,,
29-Feb-16,green,0,56.93,2.2,,,,,
29-Feb-16,green,0,57.29,2.3,,,,,
07-Mar-16,red,3.62,58.262,6.3,,,,,
07-Mar-16,red,3.62,57.974,6.2,,,,,
07-Mar-16,red,3.91,57.632,4,,,,,
07-Mar-16,red,3.91,57.29,5.2,,,,,
07-Mar-16,red,3.91,57.578,6.5,,,,,
14-Mar-16,green,1.4,57.398,18.9,,,,,
14-Mar-16,green,1.4,57.29,20.3,,,,,
14-Mar-16,green,1.41,57.434,13.3,,,,,
14-Mar-16,green,1.41,57.326,10.8,,,,,
14-Mar-16,green,1.41,58.046,12.7,,,,,
21-Mar-16,green,0.11,59.432,4.2,,,,,
21-Mar-16,green,0.11,59.792,4.7,,,,,
21-Mar-16,green,0.2,59.612,3.7,,,,,
21-Mar-16,green,0.2,57.344,4.7,,,,,
21-Mar-16,green,0.2,58.748,4.9,,,,,
28-Mar-16,yellow,0.02,58.838,15.3,,,,,
28-Mar-16,yellow,0.02,57.38,30.2,,,,,
28-Mar-16,yellow,0.02,55.994,16.2,,,,,
28-Mar-16,yellow,0.02,55.724,17.7,,,,,
28-Mar-16,yellow,0.02,55.616,494.2,,,,,
04-Apr-16,green,0,55.994,1.4,,,,,
04-Apr-16,green,0,56.318,1,,,,,
04-Apr-16,green,0,55.814,0.8,,,,,
04-Apr-16,green,0,56.426,1.8,,,,,
04-Apr-16,green,0,56.102,1.4,,,,,
12-Apr-16,green,0.34,57.002,1.6,,,,,
12-Apr-16,green,0.34,56.984,1.6,,,,,
12-Apr-16,green,0.34,56.696,3.3,,,,,
12-Apr-16,green,0.34,56.678,1.6,,,,,
12-Apr-16,green,0.34,56.678,3.6,,,,,
18-Apr-16,green,0.1,57.236,1.8,,,,,
18-Apr-16,green,0.1,57.506,2,,,,,
18-Apr-16,green,0.1,57.848,1.6,,,,,
18-Apr-16,green,0.1,56.156,3.9,,,,,
18-Apr-16,green,0.1,56.48,2.8,,,,,
25-Apr-16,green,0.14,59.36,1.2,,,,,
25-Apr-16,green,0.14,58.262,0.8,,,,,
25-Apr-16,green,0.14,57.056,1.1,,,,,
25-Apr-16,green,0.14,52.61,1.3,,,,,
25-Apr-16,green,0.14,55.04,1.8,,,,,
02-May-16,green,0.04,56.39,6.7,,,,,
02-May-16,green,0.04,55.85,7.3,,,,,
02-May-16,green,0.04,55.976,5.6,,,,,
02-May-16,green,0.04,55.364,8.1,,,,,
02-May-16,green,0.04,56.102,8,,,,,
09-May-16,green,0.18,56.696,6.4,,,,,
09-May-16,green,0.18,56.462,5.2,,,,,
09-May-16,green,0.18,56.192,5.2,,,,,
09-May-16,green,0.18,56.228,4.4,,,,,
09-May-16,green,0.18,54.968,3.7,,,,,
16-May-16,green,0.01,58.262,6.1,,,,,
16-May-16,green,0.01,57.884,3.7,,,,,
16-May-16,green,0.01,57.488,4.4,,,,,
16-May-16,green,0.01,58.496,1.9,,,,,
16-May-16,green,0.01,59,5.3,,,,,
23-May-16,green,0,58.154,2.3,,,,,
23-May-16,green,0,56.642,16.1,,,,,
23-May-16,green,0,54.806,9,,,,,
23-May-16,green,0,53.366,4.1,,,,,
23-May-16,green,0,56.246,19.4,,,,,
31-May-16,green,0,58.73,6.8,,,,,
31-May-16,green,0,59.252,7.2,,,,,
31-May-16,green,0,59.594,71.5,,,,,
31-May-16,green,0,57.74,7.9,,,,,
31-May-16,green,0,59.99,12.8,,,,,
06-Jun-16,green,0,59.252,19.8,,,,,
06-Jun-16,green,0,57.542,16.3,,,,,
06-Jun-16,green,0.01,57.452,19.7,,,,,
06-Jun-16,green,0.01,56.894,41.6,,,,,
06-Jun-16,green,0.01,56.462,20.2,,,,,
13-Jun-16,green,0,58.874,18.5,,,,,
13-Jun-16,green,0,59.702,11.3,,,,,
13-Jun-16,green,0,59.63,16.6,,,,,
13-Jun-16,green,0,56.966,17.6,,,,,
13-Jun-16,green,0,58.64,29.3,,,,,
20-Jun-16,green,0,59.054,25.6,,,,,
20-Jun-16,green,0,57.452,17.1,,,,,
20-Jun-16,green,0,57.524,18.9,,,,,
20-Jun-16,green,0,59.126,20.1,,,,,
20-Jun-16,green,0,57.488,19.7,,,,,
27-Jun-16,green,0,60.674,92.2,,,,,
27-Jun-16,green,0,61.718,114.4,,,,,
27-Jun-16,green,0,60.962,71.9,,,,,
27-Jun-16,green,0,57.812,88.4,,,,,
27-Jun-16,green,0,59.36,82,,,,,
06-Jul-16,green,0.02,50.288,103.8,,,,,
06-Jul-16,green,0.02,48.83,114.7,,,,,
06-Jul-16,green,0.02,48.884,117,,,,,
06-Jul-16,green,0.02,46.382,102.6,,,,,
06-Jul-16,green,0.02,43.97,102.6,,,,,
06-Mar-17,green,0.25,50.288,0.8,,,,,
06-Mar-17,green,0.25,48.83,0.8,,,,,
06-Mar-17,green,0.32,48.884,0.9,,,,,
06-Mar-17,green,0.32,46.382,0.9,,,,,
06-Mar-17,green,0.32,43.97,0.9,,,,,
13-Mar-17,green,0.01,56.642,5.8,,,,,
13-Mar-17,green,0.01,56.858,6,,,,,
13-Mar-17,green,0.01,56.858,10.8,,,,,
13-Mar-17,green,0.01,56.318,12.7,,,,,
13-Mar-17,green,0.01,57.758,4.9,,,,,
20-Mar-17,green,0,55.562,10.1,,,,,
20-Mar-17,green,0,56.102,8.5,,,,,
20-Mar-17,green,0.49,56.066,8.1,,,,,
20-Mar-17,green,0.98,55.94,9.7,,,,,
20-Mar-17,green,0.98,55.472,6,,,,,
27-Mar-17,green,2.88,55.868,9.2,,,,,
27-Mar-17,green,2.88,56.246,7.6,,,,,
27-Mar-17,green,2.89,56.498,9.7,,,,,
27-Mar-17,green,2.89,56.174,10.2,,,,,
27-Mar-17,green,2.89,56.102,8.5,,,,,
03-Apr-17,green,0,57.362,2.2,,,,,
03-Apr-17,green,0,56.768,2.2,,,,,
03-Apr-17,green,0,57.434,2.2,,,,,
03-Apr-17,green,0,57.542,2.2,,,,,
03-Apr-17,green,0,56.714,2.2,,,,,
18-Apr-17,green,0.76,55.058,24.9,,,,,
18-Apr-17,green,0.76,55.148,16.9,,,,,
24-Apr-17,green,0.03,53.978,32.3,,,,,
24-Apr-17,green,0.03,54.482,26.9,,,,,
24-Apr-17,green,0.03,54.626,48,,,,,
24-Apr-17,green,0.03,53.708,37,,,,,
24-Apr-17,green,0.03,52.718,49.2,,,,,
08-May-17,yellow,0,50.558,6.1,,,,,
08-May-17,yellow,0,52.268,71,,,,,
08-May-17,yellow,0,51.962,9.5,,,,,
08-May-17,yellow,0,50.81,11.5,,,,,
08-May-17,yellow,0,50.81,4.7,,,,,
16-May-17,green,0,53.942,3.1,,,,,
